USE employees;

-- 🔹 departments (6)
INSERT INTO departments (dept_no, dept_name) VALUES
('d001', 'Marketing'),
('d002', 'Finance'),
('d003', 'Engineering'),
('d004', 'Human Resources'),
('d005', 'Production'),
('d006', 'IT');

-- 🔹 employees (7)
INSERT INTO employees (emp_no, birth_date, first_name, last_name, gender, hire_date) VALUES
(10001, '1970-01-01', 'Karan', 'Sharma', 'M', '1995-01-01'),
(10002, '1982-03-15', 'Anita', 'Mehta', 'F', '2005-06-10'),
(10003, '1990-07-22', 'Rahul', 'Verma', 'M', '2010-08-15'),
(10004, '1985-11-11', 'Neha', 'Singh', 'F', '2008-03-01'),
(10005, '1975-06-21', 'Amit', 'Patel', 'M', '1999-12-01'),
(10006, '1988-04-18', 'Riya', 'Kapoor', 'F', '2012-07-01'),
(10007, '1991-09-10', 'Vikas', 'Yadav', 'M', '2013-10-10');

-- 🔹 dept_emp (7)
INSERT INTO dept_emp (emp_no, dept_no, from_date, to_date) VALUES
(10001, 'd001', '1995-01-01', '2005-01-01'),
(10002, 'd002', '2005-06-10', '2015-06-10'),
(10003, 'd003', '2010-08-15', '2020-08-15'),
(10004, 'd004', '2008-03-01', '2018-03-01'),
(10005, 'd005', '1999-12-01', '2009-12-01'),
(10006, 'd006', '2012-07-01', '2022-07-01'),
(10007, 'd001', '2013-10-10', '2023-10-10');

-- 🔹 dept_manager (5)
INSERT INTO dept_manager (emp_no, dept_no, from_date, to_date) VALUES
(10001, 'd001', '1995-01-01', '2000-01-01'),
(10002, 'd002', '2005-06-10', '2010-06-10'),
(10003, 'd003', '2010-08-15', '2015-08-15'),
(10004, 'd004', '2008-03-01', '2013-03-01'),
(10005, 'd005', '1999-12-01', '2004-12-01');

-- 🔹 salaries (8)
INSERT INTO salaries (emp_no, salary, from_date, to_date) VALUES
(10001, 50000, '1995-01-01', '2000-01-01'),
(10001, 55000, '2000-01-02', '2005-01-01'),
(10002, 60000, '2005-06-10', '2010-06-10'),
(10003, 62000, '2010-08-15', '2015-08-15'),
(10004, 54000, '2008-03-01', '2013-03-01'),
(10005, 58000, '1999-12-01', '2004-12-01'),
(10006, 61000, '2012-07-01', '2017-07-01'),
(10007, 63000, '2013-10-10', '2018-10-10');

-- 🔹 titles (6)
INSERT INTO titles (emp_no, title, from_date, to_date) VALUES
(10001, 'Senior Engineer', '1995-01-01', '2005-01-01'),
(10002, 'Finance Manager', '2005-06-10', '2015-06-10'),
(10003, 'Software Engineer', '2010-08-15', '2020-08-15'),
(10004, 'HR Executive', '2008-03-01', '2018-03-01'),
(10005, 'Production Head', '1999-12-01', '2009-12-01'),
(10006, 'IT Analyst', '2012-07-01', '2022-07-01');
